{
    "lang_code": "en",
    "header_gradient": "linear-gradient(181deg, #3651F3 -4.19%, rgba(255, 255, 255, 0) 65.81%)",
    "primary_color": "#3651F3",
    "title": "Your monthly summary \u2013 July 2025 - Green Nation",
    "preheader": "\ud83d\udcca Here's your Green Nation Business account summary for July.",
    "heading": "\ud83d\udcca Your monthly summary",
    "heading_prefix": "\ud83d\udcca Your monthly summary \u2013 ",
    "heading_middle": "",
    "heading_suffix": "",
    "subject": "\ud83d\udcca Your monthly summary",
    "greeting": "Hello",
    "social_title": "Don't miss out on our latest updates!",
    "social_hashtags_part1": "#CLEANTECH #MONEY #PLANET...",
    "social_hashtags_part2": "AND ABOVE ALL... ",
    "social_hashtags_part3": "EXCLUSIVE UPDATES!",
    "footer_unsubscribe_link_text": "To unsubscribe, click here.",
    "company_registration_part1": "Green Nation, a company registered with the Paris Trade and Companies Register under number 953371085, and listed in the Single Register of Insurance, Banking, and Finance Intermediaries under registration number 23007580 as a non-exclusive agent in banking operations and payment services.",
    "company_registration_part2": "",
    "company_registration_part3": "",
    "legal_text": "This Visa card is issued by UAB StanHope under a license granted by VISA Europe Limited. UAB StanHope is authorized and regulated by the Bank of Lithuania as an electronic money institution under the Law of the Republic of Lithuania on Electronic Money and Electronic Money Institutions for the issuance of electronic money (AC: LB002039).",
    "cta_text": "\ud83d\udc49 View full details in your dashboard",
    "signature": "The Green Nation Team.",
    "summary_intro_prefix": "Here's your Green Nation Business account summary for ",
    "cta_url": "",
    "first_name": "Tai Van",
    "month_year": "July 2025",
    "summary_item_1": "\u2022 46 transactions",
    "summary_item_2": "\u2022 5 active users",
    "summary_item_3": "\u2022 \u20ac8,350.00 total spending",
    "summary_item_4": "\u2022 2 expenses without receipts",
    "unsubscribe_url": ""
}
