{
  "lang_code": "en",
  "header_gradient": "linear-gradient(181deg, #3651F3 -4.19%, rgba(255, 255, 255, 0) 65.81%)",
  "primary_color": "#3651F3",
  "title": "Action required: resubmit your document - Green Nation",
  "preheader": "📑 A document validation failed. Please resubmit the required document.",
  "heading": "📑 Action required: resubmit your document",
  "subject": "📑 Action required: resubmit your document",
  "greeting": "Hello",
  "social_title": "Don't miss out on our latest updates!",
  "social_hashtags_part1": "#CLEANTECH #MONEY #PLANET...",
  "social_hashtags_part2": "AND ABOVE ALL... ",
  "social_hashtags_part3": "EXCLUSIVE UPDATES!",
  "footer_unsubscribe_link_text": "To unsubscribe, click here.",
  "company_registration_part1": "Green Nation, a company registered with the Paris Trade and Companies Register under number 953371085, and listed in the Single Register of Insurance, Banking, and Finance Intermediaries under registration number 23007580 as a non-exclusive agent in banking operations and payment services.",
  "company_registration_part2": "",
  "company_registration_part3": "",
  "legal_text": "This Visa card is issued by UAB StanHope under a license granted by VISA Europe Limited. UAB StanHope is authorized and regulated by the Bank of Lithuania as an electronic money institution under the Law of the Republic of Lithuania on Electronic Money and Electronic Money Institutions for the issuance of electronic money (AC: LB002039).",
  "cta_text": "Resubmit document",
  "reason_label": "Reason:",
  "resubmission_request_message": "The document you submitted could not be validated for the following reason:",
  "cta_message": "👉 Please upload a valid version in your Green Nation Business account to complete verification.",
  "signature": "The Compliance Team – Green Nation",

  "cta_url": "",
  "first_name": "Tai Van",
  "reason": "Document quality insufficient or expired",
  "unsubscribe_url": ""
}
