{
  "lang_code": "en",
  "header_gradient": "linear-gradient(181deg, #3651F3 -4.19%, rgba(255, 255, 255, 0) 65.81%)",
  "primary_color": "#3651F3",
  "title": "Your call with Green Nation has been cancelled - Green Nation",
  "preheader": "Your call with Green Nation has been cancelled",
  "heading": "Your call with Green Nation has been cancelled",
  "subject": "Your call with Green Nation has been cancelled",
  "greeting": "Hi",
  "social_title": "Don't miss out on our latest updates!",
  "social_hashtags_part1": "#CLEANTECH #MONEY #PLANET...",
  "social_hashtags_part2": "AND ABOVE ALL... ",
  "social_hashtags_part3": "EXCLUSIVE UPDATES!",
  "footer_unsubscribe_link_text": "To unsubscribe, click here.",
  "company_registration_part1": "Green Nation, a company registered with the Paris Trade and Companies Register under number 953371085, and listed in the Single Register of Insurance, Banking, and Finance Intermediaries under registration number 23007580 as a non-exclusive agent in banking operations and payment services.",
  "company_registration_part2": "",
  "company_registration_part3": "",
  "legal_text": "This Visa card is issued by UAB StanHope under a license granted by VISA Europe Limited. UAB StanHope is authorized and regulated by the Bank of Lithuania as an electronic money institution under the Law of the Republic of Lithuania on Electronic Money and Electronic Money Institutions for the issuance of electronic money (AC: LB002039).",
  "call_cancelled_message": "Your appointment with your Green Nation Account Manager has been cancelled.",
  "book_new_call_message": "If you'd like to book a new call, you can do so at any time via the app.",
  "support_message": "We're here if you need support.",
  "sign_off": "Best regards,",
  "signature": "The Green Nation Team",

  "first_name": "Tai Van",
  "unsubscribe_url": ""
}
