{
  "lang_code": "en",
  "header_gradient": "linear-gradient(181deg, #3651F3 -4.19%, rgba(255, 255, 255, 0) 65.81%)",
  "primary_color": "#3651F3",
  "title": "Welcome to Green Nation – Your account is active",
  "preheader": "🎉 Welcome to Green Nation! Your account is now active and ready to use.",
  "heading": "WELCOME TO GREEN NATION",
  "subject": "Welcome to Green Nation Business – Your Account Is Now Active",
  "greeting": "Hello",
  "social_title": "Don't miss out on our latest updates!",
  "social_hashtags_part1": "#CLEANTECH #MONEY #PLANET...",
  "social_hashtags_part2": "AND ABOVE ALL... ",
  "social_hashtags_part3": "EXCLUSIVE UPDATES!",
  "footer_unsubscribe_link_text": "To unsubscribe, click here.",
  "company_registration_part1": "Green Nation is a trademark of Lapki Digital Pay Inc.",
  "company_registration_part2": "Lapki Digital Pay Inc. is a registered Money Services Business (MSB) located at 205 – 50 Lonsdale Ave #2630, Vancouver, BC V6M 2E6, Canada.",
  "company_registration_part3": "We are registered with FINTRAC under registration number C100000671.",
  "legal_text": "",
  "account_active_message": "Your account is now active and ready to use. Starting today, enjoy a banking experience designed for demanding needs and borderless lifestyles.",
  "assistance_title": "Need assistance?",
  "book_call_label": "Book a call with your Account Manager:",
  "book_call_text": "Book a call",
  "book_call_url": "",
  "faq_label": "Or access our Help Center",
  "faq_text": "Visit the FAQ",
  "faq_url": "",
  "feature_1_description": "Centralize and monitor all company spending with clear, real-time visibility.",
  "feature_1_icon_url": "https://referral-dev.greennation.green/b2b/emails/assets/coins_light.png",
  "feature_1_title": "Expense Management",
  "feature_2_description": "Assign roles, manage permissions, and track payments from each team member with full transparency.",
  "feature_2_icon_url": "https://referral-dev.greennation.green/b2b/emails/assets/users_light.png",
  "feature_2_title": "Team Access & Management",
  "feature_3_description": "Physical or virtual cards for each team member, linked directly to your company's budget.",
  "feature_3_icon_url": "https://referral-dev.greennation.green/b2b/emails/assets/card_light.png",
  "feature_3_title": "Corporate Expense Cards",
  "feature_4_description": "Benefit from personalized support for daily needs and complex transactions.",
  "feature_4_icon_url": "https://referral-dev.greennation.green/b2b/emails/assets/chat_light.png",
  "feature_4_title": "Dedicated Account Manager",
  "feature_icon_background": "linear-gradient(180deg, #3651F3 0%, #43E8B3 100%)",
  "features_title": "Everything you need, in one seamless banking experience",
  "impact_description_bold1": "complete view of your company's spending carbon footprint.",
  "impact_description_bold2": "",
  "impact_description_bold3": "planting trees and growing your 3D forest,",
  "impact_description_part1": "Through our partnership with Greenly, every transaction across your team is automatically analyzed, giving you a",
  "impact_description_part2": "",
  "impact_description_part3": "You can compensate that footprint by",
  "impact_description_part4": "in collaboration with Veritree.",
  "impact_title": "At Green Nation, we combine discretion, efficiency, and commitment.",
  "partnership_title": "A partnership that makes sense",
  "signoff_part1": "See you soon,",
  "signoff_part2": "The Green Nation Team",
  "support_description_bold": "personalized support and direct communication",
  "support_description_part1": "At Green Nation, every client benefits from",
  "support_description_part2": "with their Account Manager, because we know your needs don't fit the standards.",
  "support_title": "Personalized support",
  "welcome_button_url": "",

  "first_name": "John",
  "unsubscribe_url": ""
}
