{
  "lang_code": "en",
  "header_gradient": "linear-gradient(181deg, #2CCA97 -4.19%, rgba(255, 255, 255, 0) 65.81%)",
  "primary_color": "#2CCA97",
  "title": "Welcome to Green Nation – Your account is active",
  "preheader": "🎉 Welcome to Green Nation! Your account is now active and ready to use.",
  "heading": "WELCOME TO GREEN NATION",
  "subject": "Welcome to Green Nation Business – Your Account Is Now Active",
  "greeting": "Hello",
  "social_title": "Don't miss out on our latest updates!",
  "social_hashtags_part1": "#CLEANTECH #MONEY #PLANET...",
  "social_hashtags_part2": "AND ABOVE ALL... ",
  "social_hashtags_part3": "EXCLUSIVE UPDATES!",
  "footer_unsubscribe_link_text": "To unsubscribe, click here.",
  "company_registration_part1": "Green Nation is a trademark of Lapki Digital Pay Inc.",
  "company_registration_part2": "Lapki Digital Pay Inc. is a registered Money Services Business (MSB) located at 205 – 50 Lonsdale Ave #2630, Vancouver, BC V6M 2E6, Canada.",
  "company_registration_part3": "We are registered with FINTRAC under registration number C100000671.",
  "legal_text": "",
  "account_active_message": "Your account is now active and ready to use. Starting today, enjoy a banking experience designed for demanding needs and borderless lifestyles.",
  "assistance_title": "Need assistance?",
  "book_call_label": "Book a call with your Account Manager:",
  "book_call_text": "Book a call",
  "book_call_url": "",
  "faq_label": "Or access our Help Center",
  "faq_text": "Visit the FAQ",
  "faq_url": "",
  "feature_1_description": "Send your funds across Europe and internationally, quickly and securely.",
  "feature_1_icon_url": "https://referral-dev.greennation.green/b2b/emails/assets/globe_dark.png",
  "feature_1_title": "SEPA & SWIFT transfers",
  "feature_2_description": "Manage multiple currencies from one seamless space.",
  "feature_2_icon_url": "https://referral-dev.greennation.green/b2b/emails/assets/coins_dark.png",
  "feature_2_title": "Multi-currency accounts",
  "feature_3_description": "Pay anywhere, online or in-store, and add your cards to Apple Pay or Google Pay.",
  "feature_3_icon_url": "https://referral-dev.greennation.green/b2b/emails/assets/card_dark.png",
  "feature_3_title": "Physical & virtual cards",
  "feature_4_description": "Keep a clear overview of your spending with instant notifications.",
  "feature_4_icon_url": "https://referral-dev.greennation.green/b2b/emails/assets/spending_dark.png",
  "feature_4_title": "Real-time tracking",
  "feature_icon_background": "#43E8B3",
  "features_title": "Everything you need, in one seamless banking experience",
  "impact_description_bold1": "carbon offset of your expenses",
  "impact_description_bold2": "Veritree",
  "impact_description_bold3": "",
  "impact_description_part1": "In addition, depending on your subscription, your activities contribute to the",
  "impact_description_part2": ", in partnership with",
  "impact_description_part3": "",
  "impact_description_part4": "",
  "impact_title": "Together, we make your impact grow",
  "partnership_title": "A partnership that makes sense",
  "signoff_part1": "See you soon,",
  "signoff_part2": "The Green Nation Team",
  "support_description_bold": "personalized support and direct communication",
  "support_description_part1": "At Green Nation, every client benefits from",
  "support_description_part2": "with their Account Manager, because we know your needs don't fit the standards.",
  "support_title": "Personalized support",
  "welcome_button_url": "",

  "first_name": "John",
  "unsubscribe_url": ""
}
