{
  "lang_code": "en",
  "header_gradient": "linear-gradient(181deg, #3651F3 -4.19%, rgba(255, 255, 255, 0) 65.81%)",
  "primary_color": "#3651F3",
  "title": "High spending detected - Green Nation",
  "preheader": "⚠️ A high-value transaction was detected on your Green Nation card. Please verify if authorized.",
  "heading": "⚠️ High spending detected",
  "subject": "⚠️ High spending detected",
  "greeting": "Hello",
  "social_title": "Don't miss out on our latest updates!",
  "social_hashtags_part1": "#CLEANTECH #MONEY #PLANET...",
  "social_hashtags_part2": "AND ABOVE ALL... ",
  "social_hashtags_part3": "EXCLUSIVE UPDATES!",
  "footer_unsubscribe_link_text": "To unsubscribe, click here.",
  "company_registration_part1": "Green Nation, a company registered with the Paris Trade and Companies Register under number 953371085, and listed in the Single Register of Insurance, Banking, and Finance Intermediaries under registration number 23007580 as a non-exclusive agent in banking operations and payment services.",
  "company_registration_part2": "",
  "company_registration_part3": "",
  "legal_text": "This Visa card is issued by UAB StanHope under a license granted by VISA Europe Limited. UAB StanHope is authorized and regulated by the Bank of Lithuania as an electronic money institution under the Law of the Republic of Lithuania on Electronic Money and Electronic Money Institutions for the issuance of electronic money (AC: LB002039).",
  "amount_label": "Amount:",
  "high_spending_prefix": "A high-value transaction was made with the Green Nation card ending in",
  "high_spending_suffix": ":",
  "location_label": "Location:",
  "security_warning": "👉 Please verify this transaction if you did not authorize it.",
  "signature": "The Security Team",

  "amount": "€2,150.00",
  "card_last_four": "9173",
  "first_name": "Tai Van",
  "location": "Apple Store – Paris",
  "unsubscribe_url": ""
}
