{
  "lang_code": "en",
  "header_gradient": "linear-gradient(181deg, #3651F3 -4.19%, rgba(255, 255, 255, 0) 65.81%)",
  "primary_color": "#3651F3",
  "title": "Your card has been blocked - Green Nation",
  "preheader": "⚠️ Your Green Nation card has been blocked. Verify your account immediately if you did not initiate this action.",
  "heading": "YOUR CARD HAS BEEN BLOCKED, PLEASE CHECK YOUR ACCOUNT 🔔",
  "subject": "🔒 Card blocked",
  "greeting": "Hello",
  "social_title": "Don't miss out on our latest updates!",
  "social_hashtags_part1": "#CLEANTECH #MONEY #PLANET...",
  "social_hashtags_part2": "AND ABOVE ALL... ",
  "social_hashtags_part3": "EXCLUSIVE UPDATES!",
  "footer_unsubscribe_link_text": "To unsubscribe, click here.",
  "company_registration_part1": "Green Nation is a trademark of Lapki Digital Pay Inc.",
  "company_registration_part2": "Lapki Digital Pay Inc. is a registered Money Services Business (MSB) located at 205 – 50 Lonsdale Ave #2630, Vancouver, BC V6M 2E6, Canada.",
  "company_registration_part3": "We are registered with FINTRAC under registration number C100000671.",
  "legal_text": "",
  "card_info_prefix": "The card ending in",
  "card_info_suffix": "has been blocked via the Green Nation app.",
  "security_signature": "The Security Team.",
  "security_warning": "👉 If you didn't initiate this action, please contact our support immediately.",

  "card_last_four": "1234",
  "first_name": "Tai Van",
  "unsubscribe_url": ""
}
