{
  "lang_code": "en",
  "header_gradient": "linear-gradient(181deg, #3651F3 -4.19%, rgba(255, 255, 255, 0) 65.81%)",
  "primary_color": "#3651F3",
  "title": "Your call with your Account Manager is confirmed - Green Nation",
  "preheader": "Your call with your Account Manager is confirmed",
  "heading": "Your call with your Account Manager is confirmed",
  "subject": "Your call with your Account Manager is confirmed",
  "greeting": "Hi",
  "social_title": "Don't miss out on our latest updates!",
  "social_hashtags_part1": "#CLEANTECH #MONEY #PLANET...",
  "social_hashtags_part2": "AND ABOVE ALL... ",
  "social_hashtags_part3": "EXCLUSIVE UPDATES!",
  "footer_unsubscribe_link_text": "To unsubscribe, click here.",
  "company_registration_part1": "Green Nation, a company registered with the Paris Trade and Companies Register under number 953371085, and listed in the Single Register of Insurance, Banking, and Finance Intermediaries under registration number 23007580 as a non-exclusive agent in banking operations and payment services.",
  "company_registration_part2": "",
  "company_registration_part3": "",
  "legal_text": "This Visa card is issued by UAB StanHope under a license granted by VISA Europe Limited. UAB StanHope is authorized and regulated by the Bank of Lithuania as an electronic money institution under the Law of the Republic of Lithuania on Electronic Money and Electronic Money Institutions for the issuance of electronic money (AC: LB002039).",
  "call_confirmed_message": "Your appointment with your Green Nation Account Manager is confirmed.",
  "date_label": "📅 Date:",
  "time_label": "🕒 Time:",
  "location_label": "📍 Location:",
  "call_details_message": "During the call, you can ask your questions and get support with your account, transactions, or any specific needs.",
  "reschedule_message": "Need to reschedule or cancel? You can do it anytime within the app.",
  "sign_off": "Speak to you soon,",
  "signature": "The Green Nation Team",

  "appointment_date": "[Appointment Date]",
  "appointment_time": "[Time]",
  "location": "[Video call link / phone / details]",
  "first_name": "Tai Van",
  "unsubscribe_url": ""
}
